{
    "dc": 55.37820665593471,
    "rhoc": 0.005067279596869249
}