{
    "dc": 53.27838481738308,
    "rhoc": 0.005055625539826309
}